"Title","Path","Visits","Visitors"
"HTTPS","http/https.md","3","0"
"Java NIO demo","i&o/nio demo.md","1","0"
"I/O 相关","i&o/阻塞&同步相关.md","1","0"
"Lock源码","java/lock.md","1","0"
"缓存失效","java/缓存失效.md","1","0"
"JDK11 module-info.java 模块化 lombok失效问题","jdk11/jdk11模块化导致lombok无效话.txt","1","0"
"JVM GC算法","jvm/gc算法.md","1","0"
"EXPLAIN 执行计划分析","mysql/explain.md","1","0"
"MySQL锁","mysql/mysql锁机制.md","1","0"
"稀疏索引and密集索引","mysql/稀疏索引and密集索引.md","2","0"
"隔离级别","mysql/隔离级别.md","1","0"
"redis基本操作","redis/redis基本操作.md","3","0"
"spring 事务传播级别","spring/spring事务传播级别.md","1","0"
"深度克隆","设计模式/深度克隆.md","1","0"
"2019-06-12-17-39-27","http/_image/2019-06-12/2019-06-12-17-39-27.png","4","0"
"2019-06-13-15-29-22","i&o/_image/2019-06-13/2019-06-13-15-29-22.jpg","1","0"
"2019-06-13-15-30-07","i&o/_image/2019-06-13/2019-06-13-15-30-07.jpg","1","0"
"2019-06-13-15-30-55","i&o/_image/2019-06-13/2019-06-13-15-30-55.jpg","1","0"
"2019-04-01-11-40-32","jvm/_image/2019-04-01/2019-04-01-11-40-32.jpg","3","0"
